LINE_NM,11_10030,11_10041,11_10129,11_10186,11_10400,11_10422,11_10621,11_11105,11_11302,11_11355,11_20083,11_20159,11_20192,11_20252,11_20482,11_20537,11_20704,11_20847,11_20873,11_20895,11_20929,11_21073,11_21120,11_21126,11_21355,11_21400,12_10579,12_30331,12_30427,12_30521,12_30743,12_30956,12_31350,12_31382,12_31428
ANAG01,BB,AA,,AA,,,BB,,,,,,,,,,,,AA,,,,,BB,AA,,,,,,,,,,BB
BRS BRAU,BB,BB,BB,AA,AA,BB,AA,AA,BB,AA,BB,BB,BB,AA,AA,AA,BB,BB,BB,AA,AA,BB,BB,AA,AA,BB,BB,AA,AA,AA,AA,AA,AA,BB,AA
BRS CAUE,AA,AA,AA,BB,AA,BB,AA,AA,BB,BB,AA,BB,BB,BB,AA,AA,AA,BB,BB,AA,AA,BB,AA,BB,AA,AA,BB,BB,BB,BB,AA,AA,AA,AA,BB
BRS CAUE,AA,AA,AA,BB,AA,BB,AA,AA,BB,BB,AA,BB,BB,BB,AA,AA,AA,BB,BB,AA,AA,BB,AA,BB,AA,AA,BB,BB,BB,AA,AA,AA,AA,AA,BB
BRS KORBEL,BB,BB,AA,BB,AA,BB,BB,AA,BB,AA,AA,BB,BB,AA,AA,AA,AA,BB,AA,AA,AA,BB,AA,BB,BB,BB,BB,AA,AA,BB,BB,BB,AA,BB,BB
BRS QUARANTA,AA,AA,AA,BB,AA,BB,BB,AA,BB,AA,AA,BB,BB,AA,AA,AA,AA,BB,AA,AA,AA,BB,AA,BB,AA,BB,BB,AA,AA,BB,BB,AA,BB,BB,BB
HARRINGTON,AA,AB,BB,BB,AA,AA,BB,BB,AA,BB,BB,BB,BB,AA,AA,AA,AA,AA,BB,AA,BB,AA,AA,AB,BB,AA,BB,AA,BB,AA,AA,BB,BB,BB,BB
HARRINGTON,AA,AB,BB,BB,AA,AA,BB,BB,AA,BB,BB,BB,BB,AA,AA,AA,AA,AA,BB,AA,BB,AA,AA,BB,BB,AA,BB,AA,BB,AA,AA,BB,BB,BB,BB
HARRINGTON,AA,BB,BB,BB,AA,AA,BB,BB,AA,BB,BB,BB,BB,AA,AA,AA,AA,AA,BB,AA,BB,AA,AA,AB,BB,AA,BB,AA,BB,AA,AA,BB,BB,BB,BB
HARRINGTON,AA,BB,BB,BB,AA,AA,BB,BB,AA,BB,BB,BB,BB,AA,AA,AA,AA,AA,BB,AA,BB,AA,AA,BB,BB,AA,BB,AA,BB,AA,AA,BB,BB,BB,BB
Merit,AA,BB,AA,BB,BB,BB,BB,BB,BB,BB,AA,BB,BB,BB,BB,BB,AA,AA,BB,BB,AA,BB,AA,AA,BB,BB,AA,BB,AA,BB,BB,BB,AA,AA,AA
STELLAR-ND,AA,AA,AA,AA,BB,BB,BB,AA,BB,BB,BB,AA,AA,AA,BB,AA,BB,BB,AA,BB,AA,BB,BB,BB,AB,BB,AA,BB,BB,AA,BB,AA,BB,AA,BB
STELLAR-ND,AA,AA,AA,AA,BB,BB,BB,AA,BB,BB,BB,AA,AA,AA,BB,AA,BB,BB,AA,BB,AA,BB,BB,BB,BB,BB,AA,BB,BB,AA,BB,AA,BB,AA,BB
Stander,BB,AA,BB,BB,BB,AA,AA,AA,AA,AA,BB,BB,AA,BB,BB,AA,BB,BB,BB,AA,BB,BB,BB,AA,AA,BB,BB,BB,BB,AA,BB,AA,BB,AA,AA
